gene_id	gene_name	chr	variant_pos	ref	alt	rs_id_dbSNP151_GRCh38p7	num_alt_per_site	slope	qval	log2_aFC	start	end
ENSG00000065526.10	SPEN	chr1	15044718	C	T	rs114435544	1	1.85902	0.00328884	1.308771	14726983	15245636
ENSG00000188372.14	ZP3	chr7	76624815	A	G	rs2428878	1	1.00479	0.00121476	1.771258	76434348	77083986
ENSG00000146707.14	POMZP3	chr7	76547967	C	T	rs11767431	1	1.09248	2.60655e-05	1.243113	76434348	77083986
ENSG00000241350.1	PMS2P11	chr7	77040254	GTAA	G	rs200834895	1	1.17229	0.000272659	1.847557	76434348	77083986
ENSG00000230091.6	TMEM254-AS1	chr10	80063741	C	T	rs2342608	1	0.737417	4.2028e-05	1.110376	79696787	80242277
ENSG00000257048.1	RP11-476M19.2	chr12	3368163	CAG	C	rs3071224	1	0.561237	0.0312382	1.76905	2701753	3994250
ENSG00000205746.9	RP11-1212A22.1	chr16	18339373	A	C	rs62043973	1	1.03096	0.00689327	1.455844	18121455	18727424
ENSG00000254681.6	PKD1P5	chr16	18339330	G	C	rs201525245	1	1.56369	9.9084e-08	3.468186	18121455	18727424
ENSG00000176490.4	DIRAS1	chr19	3710348	G	A	rs602257	1	1.34542	0.0263274	2.351305	2893580	3726811
ENSG00000104953.19	TLE6	chr19	2983177	G	T	rs35587941	1	-0.563392	0.0251564	-0.72585	2893580	3726811
