gene_id	gene_name	chr	variant_pos	ref	alt	rs_id_dbSNP151_GRCh38p7	num_alt_per_site	slope	qval	log2_aFC	start	end
ENSG00000152939.14	MARVELD2	chr5	70047403	C	T	rs150416	1	3.17333	0.0419545	3.354268	69490373	71380088
ENSG00000253203.6	GUSBP3	chr5	70629284	G	A	rs28575945	1	-0.73921	3.96118e-05	-2.298229	69490373	71380088
ENSG00000205571.13	SMN2	chr5	70047743	G	T	rs71576934	1	-0.711831	0.0248121	-2.248702	69490373	71380088
ENSG00000179978.11	RP11-1319K7.1	chr5	71096635	A	G	rs10067215	1	0.676775	0.00712841	1.391906	69490373	71380088
ENSG00000226259.10	GTF2H2B	chr5	71008133	G	A	rs143841352	1	-1.02972	6.16573e-09	-2.941714	69490373	71380088
ENSG00000172058.15	SERF1A	chr5	71011637	T	C	rs4976210	1	-1.06875	1.22433e-08	-2.990197	69490373	71380088
ENSG00000145736.14	GTF2H2	chr5	71044045	G	T	rs150892208	1	-0.955994	7.84247e-09	-2.052901	69490373	71380088
ENSG00000230847.4	RP11-195E2.1	chr5	71272423	A	T	rs182552756	1	-0.978817	1.25298e-06	-3.50021	69490373	71380088
ENSG00000282122.1	IGHV7-4-1	chr14	106028946	C	A	rs35094381	1	0.977001	0.00654888	3.501765	105592466	106382169
ENSG00000211949.3	IGHV3-23	chr14	106181433	G	A	rs10149398	1	0.468151	0.0325182	2.074196	105592466	106382169
ENSG00000249839.1	AC011330.5	chr15	43628473	C	T	rs2614812	1	-0.797081	0.0241706	-1.886039	43382625	43949207
ENSG00000188659.9	SAXO2	chr15	82507771	T	A	rs1397184024	1	1.24967	0.0115471	1.41026	82275404	82568075
ENSG00000278662.4	GOLGA6L10	chr15	82412929	A	C	rs62011126	1	0.977982	1.4758e-05	1.249259	82275404	82568075
ENSG00000197978.9	GOLGA6L9	chr15	82507039	A	G	rs1314311681	1	-1.07921	0.0293769	-1.709233	82275404	82568075
ENSG00000263503.1	MAPK8IP1P2	chr17	46285520	T	C	rs2732619	1	1.43931	2.48582e-09	6.643856	46006447	46784978
ENSG00000214401.4	KANSL1-AS1	chr17	46709946	C	T	rs1378358	1	1.13777	1.95352e-13	2.351909	46006447	46784978
ENSG00000262500.1	MAPK8IP1P1	chr17	46281792	C	T	rs867986614	1	1.39039	3.86616e-08	4.958749	46006447	46784978
ENSG00000262539.1	RP11-259G18.3	chr17	46622485	G	A	rs116956554	1	1.14822	7.91959e-09	6.115994	46006447	46784978
ENSG00000176681.14	LRRC37A	chr17	46532132	C	G	rs4968261	1	-1.14146	1.24838e-06	-1.443257	46006447	46784978
ENSG00000260075.1	NSFP1	chr17	46550855	T	G	rs28398293	1	-0.970406	0.000744552	-2.209087	46006447	46784978
ENSG00000238083.7	LRRC37A2	chr17	46722744	G	A	rs199454	1	-1.02987	3.20719e-08	-1.256679	46006447	46784978
ENSG00000100197.20	CYP2D6	chr22	42089667	T	C	rs2284087	1	1.13348	4.10826e-06	1.213064	40679528	42140476
